"hw_ind_95_2d","total_hosp","average_daily_hosp_p100k","lower","upper"
0,120586,1.65772188726624,1.63655959127788,1.6788841832546
1,137123,1.87754672091146,1.84901385345416,1.90607958836876
