"hw_ind_97_2d","total_hosp","average_daily_hosp_p100k","lower","upper"
0,54371,1.45245602709268,1.42453619807805,1.48037585610732
1,73092,1.8769605409557,1.84622127459463,1.90769980731677
